{"epoch":14,"train_acc":0.96875,"_wandb":{"runtime":101},"val_f1":0.9090909090909091,"val_loss":0.6032652219873853,"_timestamp":1.748116073770373e+09,"train_loss":0.11340779438614845,"_runtime":101.0024263,"val_acc":0.9090909090909091,"_step":15,"final_f1":0.9090909090909091}