{"val_loss":5.374968528747559,"_step":20,"train_loss":0.534176567569375,"final_f1":0.8461538461538461,"val_acc":0.8461538461538461,"val_f1":0.8269230769230769,"_timestamp":1.748114665061631e+09,"_runtime":159.4046369,"epoch":19,"train_acc":0.9666666666666667,"_wandb":{"runtime":159}}