{"_timestamp":1.748115655010547e+09,"epoch":7,"_step":8,"train_acc":0.5,"val_f1":0.07692307692307693,"val_loss":27.010912895202637,"final_f1":0.16025641025641027,"_wandb":{"runtime":74},"train_loss":2.1265581846237183,"val_acc":0.07692307692307693,"_runtime":74.9150169}