{"val_f1":0.5833333333333333,"_wandb":{"runtime":113},"_runtime":113.3922391,"epoch":16,"_timestamp":1.748115353556713e+09,"train_loss":0.6983045041561127,"_step":17,"final_f1":0.6893939393939393,"val_loss":2.7715487480163574,"train_acc":0.796875,"val_acc":0.6363636363636364}