{"val_f1":0.617948717948718,"final_f1":0.7884615384615384,"train_loss":0.27358149364590645,"_wandb":{"runtime":81},"_runtime":81.8985583,"val_loss":2.424963414669037,"_timestamp":1.7481159660775654e+09,"val_acc":0.6923076923076923,"_step":13,"train_acc":0.9166666666666666,"epoch":12}