{"final_f1":0.7592592592592592,"epoch":15,"val_acc":0.6111111111111112,"val_f1":0.5462962962962963,"train_loss":0.7638157395025095,"train_acc":0.9411764705882353,"_wandb":{"runtime":123},"_runtime":123.9482492,"_step":16,"val_loss":3.1871931552886963,"_timestamp":1.7481144051839912e+09}