{"train_loss":0.33948442339897156,"_runtime":89.9534523,"val_f1":0.5,"val_loss":5.10491943359375,"train_acc":0.9411764705882353,"val_acc":0.5,"_timestamp":1.7481148189405894e+09,"final_f1":0.7370370370370369,"_step":14,"epoch":13,"_wandb":{"runtime":89}}