{"val_f1":0.8611111111111112,"train_acc":1,"val_acc":0.8888888888888888,"_runtime":115.1401862,"val_loss":0.6364881992340088,"_step":11,"_timestamp":1.7481149466870391e+09,"final_f1":0.8888888888888888,"epoch":10,"_wandb":{"runtime":115},"train_loss":0.1291678495084246}