{"epoch":7,"val_loss":10.381598472595215,"val_acc":0,"_step":8,"train_acc":0.04411764705882353,"val_f1":0,"train_loss":13.236893971761068,"_wandb":{"runtime":86},"_runtime":86.5069342,"final_f1":0.05555555555555555,"_timestamp":1.7481133443876083e+09}