{"val_acc":0.46153846153846156,"val_f1":0.4256410256410256,"_timestamp":1.7481147241792278e+09,"_runtime":52.5918899,"train_loss":0.19213252514600754,"train_acc":0.95,"val_loss":5.776572227478027,"epoch":7,"_step":8,"final_f1":0.5263736263736264,"_wandb":{"runtime":52}}