{"_timestamp":1.748115547056141e+09,"val_acc":0.38461538461538464,"epoch":12,"train_loss":0.039029041305184364,"_runtime":76.627533,"train_acc":1,"val_loss":3.751046657562256,"_step":13,"final_f1":0.6538461538461539,"_wandb":{"runtime":76},"val_f1":0.3346153846153846}