{"_wandb":{"runtime":110},"_runtime":110.9346639,"final_f1":0.8888888888888888,"epoch":10,"_timestamp":1.7481158716342928e+09,"_step":11,"train_acc":1,"val_acc":0.8888888888888888,"val_loss":0.3660312769934535,"val_f1":0.8611111111111112,"train_loss":0.04078089334070682}