{"_runtime":87.6011128,"val_loss":0.4212306815898046,"val_acc":0.8888888888888888,"epoch":11,"val_f1":0.8611111111111112,"_timestamp":1.7481144992261207e+09,"_step":12,"final_f1":0.8888888888888888,"_wandb":{"runtime":87},"train_acc":1,"train_loss":0.03558041080832482}