{"_runtime":94.6833765,"_step":14,"train_acc":0.8970588235294118,"val_f1":0.37037037037037035,"epoch":13,"_timestamp":1.748115756215881e+09,"train_loss":0.6902927756309509,"val_loss":2.58454966545105,"val_acc":0.3888888888888889,"_wandb":{"runtime":94},"final_f1":0.6759259259259259}