{"confusion_matrix":{"sha256":"d5c6f41b7491468383868a0ea31940f41f5ab6377d40b0e5e799161e55239207","size":249410,"path":"media/images/confusion_matrix_16_d5c6f41b749146838386.png","format":"png","width":1000,"height":800,"_type":"image-file"},"epoch":19,"val_acc":0.41935483870967744,"_timestamp":1.7481054703094814e+09,"_runtime":293.0938261,"train_acc":1,"val_loss":5.646225929260254,"val_f1":0.4032258064516129,"_wandb":{"runtime":293},"_step":26,"train_loss":0.005318299821031488}