{"train_acc":0.85,"_wandb":{"runtime":276},"train_loss":0.6919665420427918,"val_f1":0.6794871794871795,"final_f1":0.75,"_timestamp":1.7481152275385175e+09,"_step":25,"val_loss":3.926262080669403,"_runtime":276.3653045,"epoch":24,"val_acc":0.7307692307692307}