{"_timestamp":1.7481154646223369e+09,"val_acc":0.8461538461538461,"train_loss":0.013565378729254007,"val_f1":0.8269230769230769,"_step":11,"_runtime":98.5491707,"train_acc":1,"_wandb":{"runtime":98},"epoch":10,"val_loss":0.8412325978279114,"final_f1":0.8269230769230769}