{"val_f1":0.8012820512820512,"lr":0.0005,"_wandb":{"runtime":119},"epoch":17,"train_acc":1,"val_loss":1.2244144219618578,"_runtime":119.2518566,"_timestamp":1.7481124964503317e+09,"_step":17,"train_loss":0.48079771995544435,"val_acc":0.8461538461538461}